Trace;IPC;Total miss L1D;Total miss L1I;Total miss L2;Total miss LLC;Hit rate LLC;Tptal write LLC;
.perlbench-41B.champsimtrace.xz;0.8064;280421;189230;144878;91180;0.468149;118161;
.perlbench-50B.champsimtrace.xz;0.87953;27304;14416;17334;16773;0.121326;18554;
.bzip2-7B.champsimtrace.xz;1.19843;2389362;263;1203833;154774;0.90275;543053;
.bzip2-38B.champsimtrace.xz;1.02661;2385033;94;1239868;199129;0.883493;668942;
.bzip2-226B.champsimtrace.xz;0.975307;3386733;137;1854641;245658;0.895726;747244;
.bzip2-277B.champsimtrace.xz;1.06031;1466771;9;930865;369635;0.697404;660126;
.gcc-16B.champsimtrace.xz;1.17266;9905814;11104;9905999;31291;0.998412;9830874;
.gcc-17B.champsimtrace.xz;0.469424;3240499;1492;2656691;624143;0.805992;1185322;
.gcc-48B.champsimtrace.xz;1.32274;1754280;2;49630;48180;0.258541;63542;
.bwaves-1963B.champsimtrace.xz;0.706793;4034358;0;3672810;3670812;0.0255163;3766167;
